<?xml version="1.0" encoding="UTF-8"?>
<feature
      id="org.eclipse.jst.jsf.apache.trinidad.tagsupport.feature"
      label="%featureName"
      version="2.6.1.v201802231403"
      provider-name="%providerName">

   <description>
      %description
   </description>

   <copyright>
      %copyright
   </copyright>

   <license url="%licenseURL">
      %license
   </license>

   <requires>
      <import plugin="org.eclipse.ui" version="3.2.0" match="compatible"/>
      <import plugin="org.eclipse.core.runtime" version="3.2.0" match="compatible"/>
      <import plugin="org.eclipse.emf.ecore.xmi" version="2.2.0" match="compatible"/>
      <import plugin="org.eclipse.gef" version="3.2.0" match="compatible"/>
      <import plugin="org.eclipse.wst.sse.core"/>
      <import plugin="org.eclipse.jst.jsf.common"/>
      <import plugin="org.eclipse.jst.pagedesigner"/>
      <import plugin="org.eclipse.jst.jsf.core"/>
      <import plugin="org.eclipse.jdt.core" version="3.4.0" match="compatible"/>
      <import plugin="org.eclipse.core.resources" version="3.4.0" match="compatible"/>
   </requires>

   <plugin
         id="org.eclipse.jst.jsf.apache.trinidad.tagsupport"
         download-size="153"
         install-size="657"
         version="1.4.1.v201802231403"
         unpack="false"/>

</feature>
