<?xml version="1.0" encoding="UTF-8"?>
<feature
      id="org.eclipse.pde"
      label="%featureName"
      version="3.13.300.v20181206-0815"
      provider-name="%providerName">

   <description>
      %description
   </description>

   <copyright>
      %copyright
   </copyright>

   <license url="%licenseURL">
      %license
   </license>

   <requires>
      <import feature="org.eclipse.jdt" version="3.15.0" match="compatible"/>
   </requires>

   <plugin
         id="org.eclipse.pde"
         download-size="70"
         install-size="141"
         version="3.13.400.v20181206-0815"
         unpack="false"/>

   <plugin
         id="org.eclipse.pde.build"
         download-size="476"
         install-size="562"
         version="3.10.200.v20181008-0641"/>

   <plugin
         id="org.eclipse.pde.core"
         download-size="1314"
         install-size="2810"
         version="3.12.200.v20181123-1424"
         unpack="false"/>

   <plugin
         id="org.eclipse.pde.junit.runtime"
         download-size="29"
         install-size="51"
         version="3.5.300.v20180827-1331"
         unpack="false"/>

   <plugin
         id="org.eclipse.pde.runtime"
         download-size="222"
         install-size="381"
         version="3.6.400.v20181116-1133"
         unpack="false"/>

   <plugin
         id="org.eclipse.pde.ui"
         download-size="4483"
         install-size="9401"
         version="3.10.500.v20181121-1530"
         unpack="false"/>

   <plugin
         id="org.eclipse.pde.doc.user"
         download-size="7374"
         install-size="13387"
         version="3.14.200.v20181206-0528"
         unpack="false"/>

   <plugin
         id="org.eclipse.pde.ui.templates"
         download-size="564"
         install-size="1017"
         version="3.6.400.v20181031-1727"
         unpack="false"/>

   <plugin
         id="org.eclipse.ui.views.log"
         download-size="166"
         install-size="284"
         version="1.2.400.v20181102-1400"
         unpack="false"/>

   <plugin
         id="org.objectweb.asm"
         download-size="122"
         install-size="242"
         version="7.0.0.v20181030-2244"
         unpack="false"/>

   <plugin
         id="org.objectweb.asm.tree"
         download-size="62"
         install-size="120"
         version="7.0.0.v20181030-2244"
         unpack="false"/>

   <plugin
         id="org.eclipse.pde.api.tools"
         download-size="905"
         install-size="1945"
         version="1.1.500.v20181126-0814"
         unpack="false"/>

   <plugin
         id="org.eclipse.pde.api.tools.annotations"
         download-size="11"
         install-size="14"
         version="1.1.200.v20180827-1618"
         unpack="false"/>

   <plugin
         id="org.eclipse.pde.api.tools.ui"
         download-size="446"
         install-size="971"
         version="1.1.500.v20181024-1052"
         unpack="false"/>

   <plugin
         id="org.eclipse.pde.ds.core"
         download-size="58"
         install-size="117"
         version="1.1.400.v20181031-1316"
         unpack="false"/>

   <plugin
         id="org.eclipse.pde.ds.ui"
         download-size="203"
         install-size="403"
         version="1.1.400.v20181116-1019"
         unpack="false"/>

   <plugin
         id="org.eclipse.pde.launching"
         download-size="123"
         install-size="269"
         version="3.7.300.v20181121-0613"
         unpack="false"/>

   <plugin
         id="org.eclipse.pde.ua.core"
         download-size="111"
         install-size="228"
         version="1.1.200.v20180827-1330"
         unpack="false"/>

   <plugin
         id="org.eclipse.pde.ua.ui"
         download-size="449"
         install-size="947"
         version="1.1.300.v20180827-1330"
         unpack="false"/>

   <plugin
         id="org.eclipse.ui.trace"
         download-size="58"
         install-size="112"
         version="1.1.300.v20181119-1957"
         unpack="false"/>

   <plugin
         id="org.eclipse.pde.ds.annotations"
         download-size="204"
         install-size="404"
         version="1.1.300.v20181030-0826"
         unpack="false"/>

   <plugin
         id="org.eclipse.pde.genericeditor.extension"
         download-size="86"
         install-size="169"
         version="1.0.300.v20181127-1253"
         unpack="false"/>

   <plugin
         id="org.eclipse.pde.ds.lib"
         download-size="32"
         install-size="45"
         version="1.1.200.v20180827-1309"/>

   <plugin
         id="org.eclipse.pde.ds1_2.lib"
         download-size="28"
         install-size="41"
         version="1.0.200.v20180827-1309"/>

   <plugin
         id="org.eclipse.tools.layout.spy"
         download-size="41"
         install-size="78"
         version="1.0.200.v20180827-1331"
         unpack="false"/>

</feature>
