<?xml version="1.0" encoding="UTF-8"?>
<feature
      id="org.eclipse.m2e.wtp.feature"
      label="%featureName"
      version="1.4.1.20181128-2152"
      provider-name="%providerName"
      plugin="org.eclipse.m2e.wtp">
   <install-handler/>

   <description>
      %description
   </description>

   <copyright>
      %copyright
   </copyright>

   <license url="%licenseURL">
      %license
   </license>

   <requires>
      <import feature="org.eclipse.platform" version="3.6.0" match="greaterOrEqual"/>
      <import feature="org.eclipse.rcp" version="3.6.0" match="greaterOrEqual"/>
      <import feature="org.eclipse.jdt" version="3.6.0" match="greaterOrEqual"/>
      <import feature="org.eclipse.wst.web_ui.feature" version="3.2.0" match="greaterOrEqual"/>
      <import feature="org.eclipse.jst.enterprise_ui.feature" version="3.2.0" match="greaterOrEqual"/>
      <import feature="org.eclipse.wst.common.fproj" version="3.2.0" match="greaterOrEqual"/>
      <import feature="org.eclipse.jst.common.fproj.enablement.jdt" version="3.2.0" match="greaterOrEqual"/>
      <import feature="org.eclipse.m2e.feature" version="1.5.0" match="greaterOrEqual"/>
      <import feature="org.sonatype.m2e.mavenarchiver.feature" version="0.16.0" match="greaterOrEqual"/>
   </requires>

   <plugin
         id="org.eclipse.m2e.wtp"
         download-size="375"
         install-size="759"
         version="1.4.1.20181128-2152"
         unpack="false"/>

   <plugin
         id="org.eclipse.m2e.wtp.overlay"
         download-size="68"
         install-size="140"
         version="1.4.1.20181128-2152"
         unpack="false"/>

   <plugin
         id="org.eclipse.m2e.wtp.overlay.ui"
         download-size="13"
         install-size="18"
         version="1.4.1.20181128-2152"
         unpack="false"/>

</feature>
