<?xml version="1.0" encoding="UTF-8"?>
<!--
    Copyright (c) 2007, 2014 David Green and others.
    All rights reserved. This program and the accompanying materials
    are made available under the terms of the Eclipse Public License v2.0
    which accompanies this distribution, and is available at
    https://www.eclipse.org/legal/epl-2.0/
    
    SPDX-License-Identifier: EPL-2.0

    Contributors:
        David Green - initial API and implementation
 -->
<feature
      id="org.eclipse.mylyn.wikitext_feature"
      label="%featureName"
      version="3.0.25.201806201740"
      provider-name="%providerName"
      plugin="org.eclipse.mylyn.wikitext">

   <description>
      %description
   </description>

   <copyright>
      %copyright
   </copyright>

   <license url="%licenseURL">
      %license
   </license>

   <includes
         id="org.eclipse.mylyn.wikitext.editors_feature"
         version="3.0.25.201806201740"/>

   <requires>
      <import feature="org.eclipse.mylyn_feature" version="3.6.0" match="compatible"/>
      <import plugin="org.eclipse.mylyn.commons.ui" version="3.6.0" match="compatible"/>
   </requires>

   <plugin
         id="org.eclipse.mylyn.wikitext.tasks.ui"
         download-size="46"
         install-size="93"
         version="3.0.25.201806201740"
         unpack="false"/>

   <plugin
         id="org.eclipse.mylyn.wikitext.context.ui"
         download-size="31"
         install-size="58"
         version="3.0.25.201806201740"
         unpack="false"/>
</feature>
