<?xml version="1.0" encoding="UTF-8"?>
<feature
      id="org.eclipse.jst.ws.cxf.feature"
      label="%featureName"
      version="1.1.400.v201810250809"
      provider-name="%featureProvider"
      plugin="org.eclipse.jst.ws.cxf.core"
      image="eclipse_update_120.jpg">

   <description>
      %description
   </description>

   <copyright>
      %copyright
   </copyright>

   <license url="%licenseURL">
      %license
   </license>

   <requires>
      <import feature="org.eclipse.jst.ws.jaxws_userdoc.feature"/>
   </requires>
   
   <plugin
         id="org.jdom"
         download-size="173"
         install-size="363"
         version="1.1.1.v201101151400"
         unpack="false"/>

   <plugin
         id="org.eclipse.jst.ws.cxf.consumption.core"
         download-size="27"
         install-size="47"
         version="1.0.400.v201802222200"
         unpack="false"/>

   <plugin
         id="org.eclipse.jst.ws.cxf.consumption.ui"
         download-size="37"
         install-size="77"
         version="1.0.400.v201802222200"
         unpack="false"/>

   <plugin
         id="org.eclipse.jst.ws.cxf.core"
         download-size="130"
         install-size="295"
         version="1.1.301.v201802222200"
         unpack="false"/>

   <plugin
         id="org.eclipse.jst.ws.cxf.creation.core"
         download-size="50"
         install-size="104"
         version="1.0.500.v201802222200"
         unpack="false"/>

   <plugin
         id="org.eclipse.jst.ws.cxf.creation.ui"
         download-size="91"
         install-size="201"
         version="1.0.300.v201802222200"
         unpack="false"/>

   <plugin
         id="org.eclipse.jst.ws.cxf.ui"
         download-size="158"
         install-size="318"
         version="1.0.301.v201802222200"
         unpack="false"/>

   <plugin
         id="javax.wsdl"
         download-size="164"
         install-size="320"
         version="1.6.2.v201012040545"
         unpack="false"/>

   <plugin
         id="javax.jws"
         download-size="21"
         install-size="41"
         version="2.0.0.v201005080400"
         unpack="false"/>

   <plugin
         id="javax.xml.bind"
         download-size="115"
         install-size="225"
         version="2.2.0.v201105210648"
         unpack="false"/>
   
   <plugin
         id="javax.xml.stream"
         download-size="39"
         install-size="70"
         version="1.0.1.v201004272200"
         unpack="false"/>

   <plugin
         id="javax.xml.ws"
         download-size="59"
         install-size="102"
         version="2.1.0.v200902101523"
         unpack="false"/>

</feature>
