<?xml version="1.0" encoding="UTF-8"?>
<feature
      id="org.eclipse.e4.rcp"
      label="%featureName"
      version="1.6.300.v20181204-1801"
      provider-name="%providerName">

   <description>
      %description
   </description>

   <copyright>
      %copyright
   </copyright>

   <license url="%licenseURL">
      %license
   </license>

   <requires>
      <import feature="org.eclipse.emf.common" version="2.7.0" match="compatible"/>
      <import feature="org.eclipse.emf.ecore" version="2.7.0" match="compatible"/>
   </requires>

   <plugin
         id="org.eclipse.e4.core.services"
         download-size="55"
         install-size="101"
         version="2.1.300.v20180930-0910"
         unpack="false"/>

   <plugin
         id="org.eclipse.e4.ui.workbench.swt"
         download-size="170"
         install-size="341"
         version="0.14.400.v20181022-1348"
         unpack="false"/>

   <plugin
         id="org.eclipse.e4.core.commands"
         download-size="25"
         install-size="45"
         version="0.12.400.v20181119-1026"
         unpack="false"/>

   <plugin
         id="org.eclipse.e4.ui.bindings"
         download-size="44"
         install-size="92"
         version="0.12.300.v20180913-1535"
         unpack="false"/>

   <plugin
         id="org.eclipse.e4.ui.model.workbench"
         download-size="386"
         install-size="1173"
         version="2.1.200.v20180920-1522"
         unpack="false"/>

   <plugin
         id="org.eclipse.e4.ui.services"
         download-size="24"
         install-size="38"
         version="1.3.300.v20180920-1522"
         unpack="false"/>

   <plugin
         id="org.eclipse.e4.ui.workbench.renderers.swt"
         download-size="245"
         install-size="558"
         version="0.14.400.v20181112-1716"
         unpack="false"/>

   <plugin
         id="org.eclipse.e4.ui.workbench"
         download-size="253"
         install-size="539"
         version="1.8.0.v20181119-1304"
         unpack="false"/>

   <plugin
         id="org.eclipse.e4.ui.css.core"
         download-size="206"
         install-size="423"
         version="0.12.400.v20180917-1628"
         unpack="false"/>

   <plugin
         id="org.eclipse.e4.ui.css.swt"
         download-size="250"
         install-size="525"
         version="0.13.300.v20181030-1443"
         unpack="false"/>

   <plugin
         id="org.apache.batik.css"
         download-size="351"
         install-size="710"
         version="1.10.0.v20180703-1553"
         unpack="false"/>

   <plugin
         id="org.w3c.css.sac"
         download-size="35"
         install-size="61"
         version="1.3.1.v200903091627"
         unpack="false"/>

   <plugin
         id="org.apache.batik.util"
         download-size="144"
         install-size="283"
         version="1.10.0.v20180703-1553"
         unpack="false"/>

   <plugin
         id="org.w3c.dom.svg"
         download-size="95"
         install-size="134"
         version="1.1.0.v201011041433"
         unpack="false"/>

   <plugin
         id="org.w3c.dom.smil"
         download-size="19"
         install-size="37"
         version="1.0.1.v200903091627"
         unpack="false"/>

   <plugin
         id="org.w3c.dom.events"
         download-size="15"
         install-size="22"
         version="3.0.0.draft20060413_v201105210656"
         unpack="false"/>

   <plugin
         id="javax.inject"
         download-size="14"
         install-size="24"
         version="1.0.0.v20091030"
         unpack="false"/>

   <plugin
         id="javax.annotation"
         download-size="28"
         install-size="58"
         version="1.2.0.v201602091430"
         unpack="false"/>

   <plugin
         id="org.eclipse.e4.core.di"
         download-size="51"
         install-size="107"
         version="1.7.100.v20180817-1215"
         unpack="false"/>

   <plugin
         id="org.eclipse.e4.core.contexts"
         download-size="47"
         install-size="93"
         version="1.7.100.v20180817-1215"
         unpack="false"/>

   <plugin
         id="org.apache.batik.i18n"
         download-size="23"
         install-size="44"
         version="1.10.0.v20180703-1553"
         unpack="false"/>

   <plugin
         id="org.apache.batik.constants"
         download-size="20"
         install-size="39"
         version="1.10.0.v20180703-1553"
         unpack="false"/>

   <plugin
         id="org.apache.xmlgraphics"
         download-size="680"
         install-size="1352"
         version="2.2.0.v20180809-1640"
         unpack="false"/>

   <plugin
         id="org.apache.commons.io"
         download-size="189"
         install-size="389"
         version="2.2.0.v201405211200"
         unpack="false"/>

   <plugin
         id="org.apache.commons.logging"
         download-size="71"
         install-size="145"
         version="1.2.0.v20180409-1502"
         unpack="false"/>

   <plugin
         id="org.eclipse.e4.core.di.extensions"
         download-size="11"
         install-size="14"
         version="0.15.200.v20180817-1215"
         unpack="false"/>

   <plugin
         id="org.eclipse.e4.ui.css.swt.theme"
         download-size="28"
         install-size="50"
         version="0.12.100.v20180828-0227"
         unpack="false"/>

   <plugin
         id="org.eclipse.e4.ui.di"
         download-size="17"
         install-size="25"
         version="1.2.400.v20180920-1522"
         unpack="false"/>

   <plugin
         id="org.eclipse.e4.ui.widgets"
         download-size="13"
         install-size="21"
         version="1.2.300.v20180920-1522"
         unpack="false"/>

   <plugin
         id="org.eclipse.e4.ui.workbench.renderers.swt.cocoa"
         os="macosx"
         ws="cocoa"
         download-size="35"
         install-size="65"
         version="0.12.100.v20180828-0227"
         fragment="true"
         unpack="false"/>

   <plugin
         id="org.eclipse.equinox.common"
         download-size="119"
         install-size="224"
         version="3.10.200.v20181021-1645"
         unpack="false"/>

   <plugin
         id="org.apache.felix.scr"
         download-size="362"
         install-size="839"
         version="2.0.14.v20180822-1822"
         unpack="false"/>

   <plugin
         id="org.eclipse.equinox.event"
         download-size="34"
         install-size="61"
         version="1.5.0.v20181008-1938"
         unpack="false"/>

   <plugin
         id="org.eclipse.core.commands"
         download-size="113"
         install-size="214"
         version="3.9.200.v20180827-1727"
         unpack="false"/>

   <plugin
         id="org.eclipse.core.contenttype"
         download-size="103"
         install-size="217"
         version="3.7.200.v20181107-1343"
         unpack="false"/>

   <plugin
         id="org.eclipse.core.databinding"
         download-size="183"
         install-size="425"
         version="1.7.100.v20181030-1443"
         unpack="false"/>

   <plugin
         id="org.eclipse.core.databinding.beans"
         download-size="77"
         install-size="192"
         version="1.4.300.v20181030-1443"
         unpack="false"/>

   <plugin
         id="org.eclipse.core.databinding.observable"
         download-size="307"
         install-size="727"
         version="1.6.300.v20180827-2028"
         unpack="false"/>

   <plugin
         id="org.eclipse.core.databinding.property"
         download-size="161"
         install-size="430"
         version="1.6.300.v20180827-2028"
         unpack="false"/>

   <plugin
         id="org.eclipse.core.expressions"
         download-size="91"
         install-size="180"
         version="3.6.200.v20180817-1401"
         unpack="false"/>

   <plugin
         id="org.eclipse.core.jobs"
         download-size="104"
         install-size="208"
         version="3.10.200.v20180912-1356"
         unpack="false"/>

   <plugin
         id="org.eclipse.core.runtime"
         download-size="72"
         install-size="155"
         version="3.15.100.v20181107-1343"
         unpack="false"/>

   <plugin
         id="org.eclipse.equinox.app"
         download-size="86"
         install-size="172"
         version="1.4.0.v20181009-1752"
         unpack="false"/>

   <plugin
         id="org.eclipse.equinox.launcher"
         download-size="53"
         install-size="95"
         version="1.5.200.v20180922-1751"
         unpack="false"/>

   <plugin
         id="com.ibm.icu"
         download-size="12761"
         install-size="28073"
         version="63.1.0.v20181030-1705"
         unpack="false"/>

   <plugin
         id="org.eclipse.equinox.preferences"
         download-size="130"
         install-size="265"
         version="3.7.200.v20180827-1235"
         unpack="false"/>

   <plugin
         id="org.eclipse.equinox.registry"
         download-size="191"
         install-size="401"
         version="3.8.200.v20181008-1820"
         unpack="false"/>

   <plugin
         id="org.eclipse.equinox.simpleconfigurator"
         download-size="45"
         install-size="84"
         version="1.3.200.v20181101-1115"
         unpack="false"/>

   <plugin
         id="org.eclipse.osgi"
         download-size="1416"
         install-size="3032"
         version="3.13.200.v20181130-2106"
         unpack="false"/>

   <plugin
         id="org.eclipse.osgi.compatibility.state"
         download-size="239"
         install-size="582"
         version="1.1.300.v20181116-1550"
         fragment="true"
         unpack="false"/>

   <plugin
         id="org.eclipse.osgi.services"
         download-size="122"
         install-size="194"
         version="3.7.100.v20180827-1536"
         unpack="false"/>

   <plugin
         id="org.eclipse.osgi.util"
         download-size="71"
         install-size="148"
         version="3.5.100.v20180827-1536"
         unpack="false"/>

   <plugin
         id="org.eclipse.equinox.launcher.cocoa.macosx.x86_64"
         os="macosx"
         ws="cocoa"
         arch="x86_64"
         download-size="33"
         install-size="69"
         version="1.1.900.v20180922-1751"
         fragment="true"/>

   <plugin
         id="org.eclipse.equinox.launcher.gtk.linux.ppc64le"
         os="linux"
         ws="gtk"
         arch="ppc64le"
         download-size="76"
         install-size="253"
         version="1.1.900.v20180922-1751"
         fragment="true"/>

   <plugin
         id="org.eclipse.equinox.launcher.gtk.linux.x86_64"
         os="linux"
         ws="gtk"
         arch="x86_64"
         download-size="69"
         install-size="166"
         version="1.1.900.v20180922-1751"
         fragment="true"/>

   <plugin
         id="org.eclipse.equinox.launcher.win32.win32.x86_64"
         os="win32"
         ws="win32"
         arch="x86_64"
         download-size="76"
         install-size="154"
         version="1.1.900.v20180922-1751"
         fragment="true"/>

   <plugin
         id="org.eclipse.swt"
         download-size="16"
         install-size="32"
         version="3.109.0.v20181204-1801"
         unpack="false"/>

   <plugin
         id="org.eclipse.swt.win32.win32.x86_64"
         os="win32"
         ws="win32"
         arch="x86_64"
         download-size="2383"
         install-size="4960"
         version="3.109.0.v20181204-1801"
         fragment="true"
         unpack="false"/>

   <plugin
         id="org.eclipse.swt.gtk.linux.ppc64le"
         os="linux"
         ws="gtk"
         arch="ppc64le"
         download-size="2108"
         install-size="5599"
         version="3.109.0.v20181204-1801"
         fragment="true"
         unpack="false"/>

   <plugin
         id="org.eclipse.swt.gtk.linux.x86_64"
         os="linux"
         ws="gtk"
         arch="x86_64"
         download-size="2093"
         install-size="4949"
         version="3.109.0.v20181204-1801"
         fragment="true"
         unpack="false"/>

   <plugin
         id="org.eclipse.swt.cocoa.macosx.x86_64"
         os="macosx"
         ws="cocoa"
         arch="x86_64"
         download-size="2074"
         install-size="4744"
         version="3.109.0.v20181204-1801"
         fragment="true"
         unpack="false"/>

   <plugin
         id="org.eclipse.equinox.util"
         download-size="81"
         install-size="151"
         version="1.1.200.v20181008-1820"
         unpack="false"/>

   <plugin
         id="org.eclipse.jface"
         download-size="1064"
         install-size="2138"
         version="3.15.0.v20181123-1505"
         unpack="false"/>

   <plugin
         id="org.eclipse.jface.databinding"
         download-size="272"
         install-size="558"
         version="1.8.400.v20181030-1443"
         unpack="false"/>

   <plugin
         id="org.eclipse.e4.ui.workbench3"
         download-size="10"
         install-size="14"
         version="0.14.200.v20180828-0227"
         unpack="false"/>

   <plugin
         id="org.apache.felix.gogo.command"
         download-size="56"
         install-size="115"
         version="1.0.2.v20170914-1324"
         unpack="false"/>

   <plugin
         id="org.apache.felix.gogo.runtime"
         download-size="203"
         install-size="396"
         version="1.1.0.v20180713-1646"
         unpack="false"/>

   <plugin
         id="org.apache.felix.gogo.shell"
         download-size="67"
         install-size="135"
         version="1.1.0.v20180713-1646"
         unpack="false"/>

   <plugin
         id="org.eclipse.equinox.console"
         download-size="122"
         install-size="248"
         version="1.3.200.v20181115-0906"
         unpack="false"/>

   <plugin
         id="org.eclipse.e4.ui.workbench.addons.swt"
         download-size="122"
         install-size="263"
         version="1.3.300.v20181102-1042"
         unpack="false"/>

   <plugin
         id="org.eclipse.equinox.bidi"
         download-size="48"
         install-size="90"
         version="1.1.200.v20180827-1235"
         unpack="false"/>

   <plugin
         id="org.eclipse.e4.ui.dialogs"
         download-size="45"
         install-size="80"
         version="1.1.300.v20180828-0227"
         unpack="false"/>

   <plugin
         id="org.apache.commons.jxpath"
         download-size="308"
         install-size="642"
         version="1.3.0.v200911051830"
         unpack="false"/>

   <plugin
         id="org.eclipse.e4.emf.xpath"
         download-size="48"
         install-size="94"
         version="0.2.200.v20180828-0227"
         unpack="false"/>

   <plugin
         id="org.eclipse.e4.core.di.annotations"
         download-size="11"
         install-size="15"
         version="1.6.200.v20180817-1215"
         unpack="false"/>

   <plugin
         id="org.eclipse.e4.ui.swt.gtk"
         ws="gtk"
         download-size="10"
         install-size="14"
         version="1.0.500.v20181106-0908"
         fragment="true"
         unpack="false"/>

   <plugin
         id="org.eclipse.e4.core.di.extensions.supplier"
         download-size="34"
         install-size="66"
         version="0.15.200.v20180817-1215"
         unpack="false"/>

</feature>
