<?xml version="1.0" encoding="UTF-8"?>
<feature
      id="net.mihai-nita.ansicon"
      label="Ansi Console"
      version="1.3.3.201605090119"
      provider-name="Mihai Nita">

   <description>
      Ansi Console uses ANSI escape sequences to color the console output. 
This can be pretty handy when using something like jansi (http://jansi.fusesource.org)
But is should also work from Perl, C++, or Groovy, or any other Eclipse hosted language.
   </description>

   <copyright url="http://www.mihai-nita.net">
      Copyright 2012-2016 Mihai Nita
   </copyright>

   <license url="http://www.apache.org/licenses/LICENSE-2.0">
      Licensed under the Apache License, Version 2.0 (the &quot;License&quot;);
you may not use this file except in compliance with the License.

You may obtain a copy of the License at
  http://www.apache.org/licenses/LICENSE-2.0

Unless required by applicable law or agreed to in writing, software
distributed under the License is distributed on an &quot;AS IS&quot; BASIS,
WITHOUT WARRANTIES OR CONDITIONS OF ANY KIND, either express or implied.
See the License for the specific language governing permissions and
limitations under the License.
   </license>

   <url>
      <update label="Ansi Console for Eclipse" url="http://www.mihai-nita.net/eclipse"/>
      <discovery label="Info on this Eclipse plug-in" url="http://www.mihai-nita.net/eclipse"/>
   </url>

   <requires>
      <import plugin="org.eclipse.ui"/>
      <import plugin="org.eclipse.core.runtime"/>
      <import plugin="org.eclipse.ui.console"/>
   </requires>

   <plugin
         id="net.mihai-nita.ansicon.plugin"
         download-size="17"
         install-size="16"
         version="1.3.3.201605090119"
         unpack="false"/>

</feature>
