<?xml version="1.0" encoding="UTF-8"?>
<feature
      id="org.eclipse.jst.server_ui.feature"
      label="%featureName"
      version="3.4.300.v201802152148"
      provider-name="%providerName">

   <description>
      %description
   </description>

   <copyright>
      %copyright
   </copyright>

   <license url="%licenseURL">
      %license
   </license>

   <requires>
      <import feature="org.eclipse.jst.server_userdoc.feature"/>
      <import feature="org.eclipse.jst.server_core.feature"/>
   </requires>

   <plugin
         id="org.eclipse.jst.server.ui"
         download-size="43"
         install-size="73"
         version="1.1.300.v201309182039"
         unpack="false"/>

   <plugin
         id="org.eclipse.jst.server.generic.ui"
         download-size="81"
         install-size="161"
         version="1.0.600.v201709251822"
         unpack="false"/>

   <plugin
         id="org.eclipse.jst.server.ui.infopop"
         download-size="11"
         install-size="21"
         version="1.0.500.v201309182117"
         unpack="false"/>

</feature>
