<?xml version="1.0" encoding="UTF-8"?>
<feature
      id="org.eclipse.contribution.xref"
      label="%featureName"
      version="2.2.4.201811011643"
      provider-name="%providerName">

   <description>
      %description
   </description>

   <copyright>
      %copyright
   </copyright>

   <license url="%licenseURL">
      %license
   </license>

   <url>
      <update label="%updateLabel" url="http://download.eclipse.org/tools/ajdt/34/update"/>
   </url>

   <requires>
      <import plugin="org.eclipse.core.runtime"/>
      <import plugin="org.eclipse.jdt.core"/>
      <import plugin="org.eclipse.ui"/>
      <import plugin="org.eclipse.core.resources"/>
      <import plugin="org.eclipse.jdt.ui"/>
      <import plugin="org.eclipse.core.commands"/>
      <import plugin="org.eclipse.jface.text"/>
      <import plugin="org.eclipse.ui.editors"/>
      <import plugin="org.eclipse.ui.workbench.texteditor"/>
      <import plugin="org.eclipse.ui.ide"/>
      <import plugin="org.eclipse.ui.views"/>
      <import plugin="org.eclipse.help"/>
      <import plugin="org.eclipse.core.expressions"/>
   </requires>

   <plugin
         id="org.eclipse.contribution.xref.core"
         download-size="55"
         install-size="120"
         version="2.2.4.201811011643"
         unpack="false"/>

   <plugin
         id="org.eclipse.contribution.xref.ui"
         download-size="102"
         install-size="203"
         version="2.2.4.201811011643"
         unpack="false"/>

   <plugin
         id="org.aspectj.runtime"
         download-size="136"
         install-size="256"
         version="1.9.2.201811011643"
         unpack="false"/>

</feature>
