<?xml version="1.0" encoding="UTF-8"?>
<!--
    Copyright (c) 2005, 2015 Tasktop Technologies and others.
    All rights reserved. This program and the accompanying materials
    are made available under the terms of the Eclipse Public License v1.0
    which accompanies this distribution, and is available at
    http://www.eclipse.org/legal/epl-v10.html

    Contributors:
         Tasktop Technologies - initial API and implementation
 -->
<feature
      id="org.eclipse.mylyn_feature"
      label="%featureName"
      version="3.24.2.v20180905-0003"
      provider-name="%providerName"
      plugin="org.eclipse.mylyn.tasks.core">

   <description url="http://eclipse.org/mylyn">
      %description
   </description>

   <copyright>
      %copyright
   </copyright>

   <license url="%licenseURL">
      %license
   </license>

   <url>
      <discovery label="Mylyn 3.24 for Eclipse 4.6 and 4.7" url="http://download.eclipse.org/mylyn/releases/3.24"/>
   </url>

   <requires>
      <import plugin="org.eclipse.mylyn.commons.net" version="3.24.2" match="compatible"/>
      <import plugin="org.apache.commons.codec" version="1.3.0" match="compatible"/>
      <import plugin="org.apache.commons.lang" version="2.3.0" match="compatible"/>
      <import plugin="org.apache.commons.logging" version="1.0.4" match="compatible"/>
      <import plugin="org.apache.commons.httpclient" version="3.1.0" match="compatible"/>
      <import plugin="org.apache.lucene.core" version="6.0.0" match="greaterOrEqual"/>
      <import plugin="org.apache.lucene.analyzers-common" version="6.0.0" match="greaterOrEqual"/>
      <import plugin="org.apache.lucene.queryparser" version="6.0.0" match="greaterOrEqual"/>
      <import plugin="com.google.guava" version="15.0.0" match="greaterOrEqual"/>
      <import feature="org.eclipse.mylyn.discovery" version="3.24.2" match="compatible"/>
      <import feature="org.eclipse.mylyn.monitor" version="3.24.2" match="compatible"/>
      <import feature="org.eclipse.mylyn.commons" version="3.24.2" match="compatible"/>
      <import feature="org.eclipse.mylyn.commons.identity" version="1.16.0" match="compatible"/>
      <import feature="org.eclipse.mylyn.commons.repositories" version="1.16.0" match="compatible"/>
      <import feature="org.eclipse.mylyn.commons.notifications" version="1.16.0" match="compatible"/>
   </requires>

   <plugin
         id="org.eclipse.mylyn.tasks.core"
         download-size="456"
         install-size="979"
         version="3.24.2.v20180905-0003"
         unpack="false"/>

   <plugin
         id="org.eclipse.mylyn.tasks.index.core"
         download-size="26"
         install-size="53"
         version="3.24.2.v20180905-0003"
         unpack="false"/>

   <plugin
         id="org.eclipse.mylyn.tasks.index.ui"
         download-size="22"
         install-size="37"
         version="3.24.2.v20180905-0003"
         unpack="false"/>

   <plugin
         id="org.eclipse.mylyn.tasks.search"
         download-size="59"
         install-size="123"
         version="3.24.2.v20180905-0003"
         unpack="false"/>

   <plugin
         id="org.eclipse.mylyn.tasks.ui"
         download-size="1824"
         install-size="3764"
         version="3.24.2.v20180905-0003"
         unpack="false"/>

</feature>
