<?xml version="1.0" encoding="UTF-8"?>
<feature
      id="org.eclipse.jst.enterprise_userdoc.feature"
      label="%featureName"
      version="3.6.0.v201802141513"
      provider-name="%providerName">

   <description>
      %description
   </description>

   <copyright>
      %copyright
   </copyright>

   <license url="%licenseURL">
      %license
   </license>

   <requires>
      <import plugin="org.eclipse.jst.ejb.doc.user"/>
      <import plugin="org.eclipse.jst.j2ee.doc.user"/>
      <import plugin="org.eclipse.jst.ws.axis.ui.doc.user"/>
      <import plugin="org.eclipse.jst.ws.consumption.ui.doc.user"/>
      <import plugin="org.eclipse.jst.ws.doc.user"/>
   </requires>
</feature>
