<?xml version="1.0" encoding="UTF-8"?>
<feature
      id="org.eclipse.jgit.ssh.apache"
      label="%featureName"
      version="5.2.0.201812061821-r"
      provider-name="%providerName">

   <description url="http://www.eclipse.org/jgit/">
      %description
   </description>

   <copyright>
      %copyright
   </copyright>

   <license url="%licenseURL">
      %license
   </license>

   <url>
      <update label="%updateSiteName" url="http://download.eclipse.org/egit/updates"/>
      <discovery label="%updateSiteName" url="http://download.eclipse.org/egit/updates"/>
   </url>

   <requires>
      <import plugin="org.eclipse.jgit"/>
   </requires>

   <plugin
         id="org.eclipse.jgit.ssh.apache"
         download-size="158"
         install-size="332"
         version="5.2.0.201812061821-r"
         unpack="false"/>

   <plugin
         id="org.apache.sshd.core"
         download-size="1379"
         install-size="3149"
         version="2.0.0.v20181102-1323"
         unpack="false"/>

   <plugin
         id="org.apache.sshd.sftp"
         download-size="315"
         install-size="720"
         version="2.0.0.v20181102-1323"
         unpack="false"/>

   <plugin
         id="net.i2p.crypto.eddsa"
         download-size="86"
         install-size="173"
         version="0.3.0.v20181102-1323"
         unpack="false"/>

</feature>
